{
  "annotations": {
    "list": [
      {
        "builtIn": 1,
        "datasource": {
          "type": "grafana",
          "uid": "-- Grafana --"
        },
        "enable": true,
        "hide": true,
        "iconColor": "rgba(0, 211, 255, 1)",
        "name": "Annotations & Alerts",
        "type": "dashboard"
      }
    ]
  },
  "editable": true,
  "fiscalYearStartMonth": 0,
  "graphTooltip": 0,
  "id": 1,
  "links": [],
  "liveNow": false,
  "panels": [
    {
      "collapsed": false,
      "gridPos": {
        "h": 1,
        "w": 24,
        "x": 0,
        "y": 0
      },
      "id": 8,
      "panels": [],
      "title": "general information",
      "type": "row"
    },
    {
      "datasource": {
        "type": "marcusolsson-json-datasource",
        "uid": "b5ac0dea-e102-4916-b2fc-8379604028ac"
      },
      "fieldConfig": {
        "defaults": {
          "color": {
            "fixedColor": "dark-green",
            "mode": "fixed"
          },
          "custom": {
            "align": "center",
            "cellOptions": {
              "type": "color-text"
            },
            "filterable": false,
            "inspect": false
          },
          "mappings": [],
          "thresholds": {
            "mode": "absolute",
            "steps": [
              {
                "color": "green",
                "value": null
              },
              {
                "color": "red",
                "value": 80
              }
            ]
          }
        },
        "overrides": []
      },
      "gridPos": {
        "h": 8,
        "w": 12,
        "x": 0,
        "y": 1
      },
      "id": 9,
      "options": {
        "cellHeight": "sm",
        "footer": {
          "countRows": false,
          "enablePagination": false,
          "fields": "",
          "reducer": [
            "sum"
          ],
          "show": false
        },
        "showHeader": true
      },
      "pluginVersion": "10.0.3",
      "targets": [
        {
          "cacheDurationSeconds": 5,
          "datasource": {
            "type": "marcusolsson-json-datasource",
            "uid": "b5ac0dea-e102-4916-b2fc-8379604028ac"
          },
          "fields": [
            {
              "jsonPath": "systemInf.upTime",
              "language": "jsonata",
              "name": "uptime",
              "type": "string"
            },
            {
              "jsonPath": "systemInf.localTime",
              "language": "jsonata",
              "name": "horas",
              "type": "time"
            },
            {
              "jsonPath": "",
              "language": "jsonata",
              "name": ""
            }
          ],
          "method": "GET",
          "queryParams": "",
          "refId": "A",
          "urlPath": ""
        }
      ],
      "title": "tempo de uso",
      "transparent": true,
      "type": "table"
    },
    {
      "datasource": {
        "type": "marcusolsson-json-datasource",
        "uid": "b5ac0dea-e102-4916-b2fc-8379604028ac"
      },
      "fieldConfig": {
        "defaults": {
          "color": {
            "fixedColor": "#092b5f",
            "mode": "fixed"
          },
          "mappings": [],
          "thresholds": {
            "mode": "absolute",
            "steps": [
              {
                "color": "green",
                "value": null
              },
              {
                "color": "red",
                "value": 80
              }
            ]
          },
          "unit": "short"
        },
        "overrides": []
      },
      "gridPos": {
        "h": 8,
        "w": 12,
        "x": 12,
        "y": 1
      },
      "id": 10,
      "options": {
        "colorMode": "background",
        "graphMode": "none",
        "justifyMode": "center",
        "orientation": "vertical",
        "reduceOptions": {
          "calcs": [],
          "fields": "/.*/",
          "limit": 2,
          "values": true
        },
        "textMode": "auto"
      },
      "pluginVersion": "10.0.3",
      "targets": [
        {
          "cacheDurationSeconds": 300,
          "datasource": {
            "type": "marcusolsson-json-datasource",
            "uid": "b5ac0dea-e102-4916-b2fc-8379604028ac"
          },
          "fields": [
            {
              "jsonPath": "systemInf.syste.manufacturer",
              "name": "Arquitetura"
            },
            {
              "jsonPath": "",
              "language": "jsonpath",
              "name": ""
            }
          ],
          "method": "GET",
          "queryParams": "",
          "refId": "A",
          "urlPath": ""
        },
        {
          "cacheDurationSeconds": 300,
          "datasource": {
            "type": "marcusolsson-json-datasource",
            "uid": "b5ac0dea-e102-4916-b2fc-8379604028ac"
          },
          "fields": [
            {
              "jsonPath": "systemInfo.syste.model",
              "name": "modelo"
            }
          ],
          "hide": false,
          "method": "GET",
          "queryParams": "",
          "refId": "B",
          "urlPath": ""
        }
      ],
      "title": "Placa mãe",
      "transparent": true,
      "type": "stat"
    },
    {
      "datasource": {
        "type": "marcusolsson-json-datasource",
        "uid": "b5ac0dea-e102-4916-b2fc-8379604028ac"
      },
      "fieldConfig": {
        "defaults": {
          "color": {
            "fixedColor": "#03b500",
            "mode": "fixed"
          },
          "custom": {
            "align": "center",
            "cellOptions": {
              "type": "color-text"
            },
            "inspect": false
          },
          "mappings": [],
          "thresholds": {
            "mode": "absolute",
            "steps": [
              {
                "color": "green",
                "value": null
              },
              {
                "color": "red",
                "value": 80
              }
            ]
          }
        },
        "overrides": []
      },
      "gridPos": {
        "h": 7,
        "w": 12,
        "x": 0,
        "y": 9
      },
      "id": 11,
      "options": {
        "cellHeight": "sm",
        "footer": {
          "countRows": false,
          "fields": "",
          "reducer": [
            "sum"
          ],
          "show": false
        },
        "showHeader": true
      },
      "pluginVersion": "10.0.3",
      "targets": [
        {
          "cacheDurationSeconds": 300,
          "datasource": {
            "type": "marcusolsson-json-datasource",
            "uid": "b5ac0dea-e102-4916-b2fc-8379604028ac"
          },
          "fields": [
            {
              "jsonPath": "systemInf.CpuArquiterura",
              "name": "Arquitetura CPU",
              "type": "string"
            },
            {
              "jsonPath": "systemInf.CpuFab",
              "language": "jsonpath",
              "name": "Modelo CPU",
              "type": "string"
            },
            {
              "jsonPath": "systemInf.CpuNucleos",
              "language": "jsonpath",
              "name": "Cores",
              "type": "number"
            },
            {
              "jsonPath": "systemInf.CpuVel",
              "language": "jsonpath",
              "name": "velocidadeCPU(GH))",
              "type": "number"
            },
            {
              "jsonPath": "systemInf.RamTotal",
              "language": "jsonata",
              "name": "RAM em bytes",
              "type": "number"
            }
          ],
          "method": "GET",
          "queryParams": "",
          "refId": "A",
          "urlPath": ""
        }
      ],
      "title": "systema",
      "transparent": true,
      "type": "table"
    },
    {
      "datasource": {
        "type": "marcusolsson-json-datasource",
        "uid": "b5ac0dea-e102-4916-b2fc-8379604028ac"
      },
      "fieldConfig": {
        "defaults": {
          "color": {
            "fixedColor": "#08e904",
            "mode": "fixed"
          },
          "custom": {
            "align": "center",
            "cellOptions": {
              "type": "color-text"
            },
            "inspect": false
          },
          "mappings": [],
          "thresholds": {
            "mode": "absolute",
            "steps": [
              {
                "color": "green",
                "value": null
              },
              {
                "color": "red",
                "value": 80
              }
            ]
          },
          "unit": "gbytes"
        },
        "overrides": []
      },
      "gridPos": {
        "h": 8,
        "w": 12,
        "x": 12,
        "y": 9
      },
      "id": 19,
      "options": {
        "cellHeight": "sm",
        "footer": {
          "countRows": false,
          "fields": "",
          "reducer": [
            "sum"
          ],
          "show": false
        },
        "showHeader": true
      },
      "pluginVersion": "10.0.3",
      "targets": [
        {
          "cacheDurationSeconds": 300,
          "datasource": {
            "type": "marcusolsson-json-datasource",
            "uid": "b5ac0dea-e102-4916-b2fc-8379604028ac"
          },
          "fields": [
            {
              "jsonPath": "systemInf.CpuCache.l1d/1073741824",
              "language": "jsonata",
              "name": "L1D"
            },
            {
              "jsonPath": "systemInf.CpuCache.l1i/1073741824",
              "language": "jsonata",
              "name": "L1I"
            },
            {
              "jsonPath": "systemInf.CpuCache.l2/1073741824",
              "language": "jsonata",
              "name": "L2"
            },
            {
              "jsonPath": "systemInf.CpuCache.l3/1073741824",
              "language": "jsonata",
              "name": "L3"
            }
          ],
          "method": "GET",
          "queryParams": "",
          "refId": "A",
          "urlPath": ""
        }
      ],
      "title": "CPU Cache in Bytes",
      "transparent": true,
      "type": "table"
    },
    {
      "collapsed": false,
      "gridPos": {
        "h": 1,
        "w": 24,
        "x": 0,
        "y": 17
      },
      "id": 7,
      "panels": [],
      "title": "Ram and Swap",
      "type": "row"
    },
    {
      "datasource": {
        "type": "marcusolsson-json-datasource",
        "uid": "b5ac0dea-e102-4916-b2fc-8379604028ac"
      },
      "fieldConfig": {
        "defaults": {
          "color": {
            "mode": "continuous-BlPu"
          },
          "mappings": [],
          "min": 1000,
          "thresholds": {
            "mode": "absolute",
            "steps": [
              {
                "color": "green",
                "value": null
              },
              {
                "color": "red",
                "value": 80
              }
            ]
          },
          "unit": "bytes"
        },
        "overrides": []
      },
      "gridPos": {
        "h": 6,
        "w": 11,
        "x": 0,
        "y": 18
      },
      "id": 21,
      "options": {
        "displayMode": "gradient",
        "minVizHeight": 10,
        "minVizWidth": 0,
        "orientation": "horizontal",
        "reduceOptions": {
          "calcs": [],
          "fields": "",
          "values": false
        },
        "showUnfilled": true,
        "valueMode": "color"
      },
      "pluginVersion": "10.0.3",
      "targets": [
        {
          "cacheDurationSeconds": 300,
          "datasource": {
            "type": "marcusolsson-json-datasource",
            "uid": "b5ac0dea-e102-4916-b2fc-8379604028ac"
          },
          "fields": [
            {
              "jsonPath": "systemInf.swapUsed",
              "name": "SWAP em uso"
            },
            {
              "jsonPath": "systemInf.swapFree",
              "language": "jsonpath",
              "name": "SWAP livre"
            },
            {
              "jsonPath": "systemInf.swapTotal",
              "language": "jsonpath",
              "name": "TOTAL"
            }
          ],
          "method": "GET",
          "queryParams": "",
          "refId": "A",
          "urlPath": ""
        }
      ],
      "title": "SWAP",
      "type": "bargauge"
    },
    {
      "datasource": {
        "type": "marcusolsson-json-datasource",
        "uid": "b5ac0dea-e102-4916-b2fc-8379604028ac"
      },
      "fieldConfig": {
        "defaults": {
          "color": {
            "mode": "continuous-BlPu"
          },
          "mappings": [],
          "min": 1000,
          "thresholds": {
            "mode": "absolute",
            "steps": [
              {
                "color": "green",
                "value": null
              },
              {
                "color": "red",
                "value": 80
              }
            ]
          },
          "unit": "bytes"
        },
        "overrides": []
      },
      "gridPos": {
        "h": 6,
        "w": 12,
        "x": 12,
        "y": 18
      },
      "id": 22,
      "options": {
        "displayMode": "gradient",
        "minVizHeight": 3,
        "minVizWidth": 0,
        "orientation": "horizontal",
        "reduceOptions": {
          "calcs": [
            "min"
          ],
          "fields": "",
          "values": false
        },
        "showUnfilled": true,
        "valueMode": "color"
      },
      "pluginVersion": "10.0.3",
      "targets": [
        {
          "cacheDurationSeconds": 10,
          "datasource": {
            "type": "marcusolsson-json-datasource",
            "uid": "b5ac0dea-e102-4916-b2fc-8379604028ac"
          },
          "fields": [
            {
              "jsonPath": "systemInf.RamTotal",
              "name": "Total"
            },
            {
              "jsonPath": "systemInf.UsedRam",
              "language": "jsonpath",
              "name": "Em Uso"
            },
            {
              "jsonPath": "systemInf.FreRam",
              "language": "jsonpath",
              "name": "Livre"
            }
          ],
          "method": "GET",
          "queryParams": "",
          "refId": "A",
          "urlPath": ""
        }
      ],
      "title": "RAM",
      "type": "bargauge"
    },
    {
      "datasource": {
        "type": "marcusolsson-json-datasource",
        "uid": "b5ac0dea-e102-4916-b2fc-8379604028ac"
      },
      "fieldConfig": {
        "defaults": {
          "color": {
            "fixedColor": "text",
            "mode": "fixed"
          },
          "decimals": 2,
          "mappings": [],
          "min": 1,
          "thresholds": {
            "mode": "absolute",
            "steps": [
              {
                "color": "green",
                "value": null
              }
            ]
          },
          "unit": "bytes"
        },
        "overrides": [
          {
            "matcher": {
              "id": "byName",
              "options": "RAM ativa"
            },
            "properties": [
              {
                "id": "color",
                "value": {
                  "mode": "thresholds"
                }
              },
              {
                "id": "thresholds",
                "value": {
                  "mode": "percentage",
                  "steps": [
                    {
                      "color": "green",
                      "value": null
                    },
                    {
                      "color": "#EAB839",
                      "value": 70
                    },
                    {
                      "color": "red",
                      "value": 85
                    }
                  ]
                }
              },
              {
                "id": "max"
              },
              {
                "id": "min",
                "value": 0
              }
            ]
          }
        ]
      },
      "gridPos": {
        "h": 5,
        "w": 9,
        "x": 7,
        "y": 24
      },
      "id": 24,
      "options": {
        "orientation": "auto",
        "reduceOptions": {
          "calcs": [],
          "fields": "",
          "values": false
        },
        "showThresholdLabels": false,
        "showThresholdMarkers": true
      },
      "pluginVersion": "10.0.3",
      "targets": [
        {
          "cacheDurationSeconds": 10,
          "datasource": {
            "type": "marcusolsson-json-datasource",
            "uid": "b5ac0dea-e102-4916-b2fc-8379604028ac"
          },
          "fields": [
            {
              "jsonPath": "systemInf.ActiveRam",
              "name": "RAM ativa",
              "type": "number"
            },
            {
              "jsonPath": "systemInf.RamTotal",
              "language": "jsonpath",
              "name": "TOTAL"
            }
          ],
          "method": "GET",
          "params": [
            [
              "",
              ""
            ]
          ],
          "queryParams": "",
          "refId": "A",
          "urlPath": ""
        }
      ],
      "title": "RAM em Atividade",
      "type": "gauge"
    },
    {
      "collapsed": false,
      "gridPos": {
        "h": 1,
        "w": 24,
        "x": 0,
        "y": 29
      },
      "id": 6,
      "panels": [],
      "title": "CPU ",
      "type": "row"
    },
    {
      "datasource": {
        "type": "marcusolsson-json-datasource",
        "uid": "b5ac0dea-e102-4916-b2fc-8379604028ac"
      },
      "fieldConfig": {
        "defaults": {
          "color": {
            "mode": "thresholds"
          },
          "decimals": 2,
          "mappings": [],
          "max": 90,
          "min": 15,
          "thresholds": {
            "mode": "percentage",
            "steps": [
              {
                "color": "green",
                "value": null
              },
              {
                "color": "orange",
                "value": 70
              },
              {
                "color": "red",
                "value": 85
              }
            ]
          },
          "unit": "celsius"
        },
        "overrides": []
      },
      "gridPos": {
        "h": 8,
        "w": 4,
        "x": 0,
        "y": 30
      },
      "id": 18,
      "options": {
        "orientation": "auto",
        "reduceOptions": {
          "calcs": [],
          "fields": "/.*/",
          "values": false
        },
        "showThresholdLabels": false,
        "showThresholdMarkers": true
      },
      "pluginVersion": "10.0.3",
      "targets": [
        {
          "cacheDurationSeconds": 300,
          "datasource": {
            "type": "marcusolsson-json-datasource",
            "uid": "b5ac0dea-e102-4916-b2fc-8379604028ac"
          },
          "fields": [
            {
              "jsonPath": "systemInf.CpuTermo",
              "language": "jsonpath",
              "name": "",
              "type": "number"
            }
          ],
          "method": "GET",
          "queryParams": "",
          "refId": "A",
          "urlPath": ""
        }
      ],
      "title": "temperatura",
      "type": "gauge"
    },
    {
      "datasource": {
        "type": "marcusolsson-json-datasource",
        "uid": "b5ac0dea-e102-4916-b2fc-8379604028ac"
      },
      "description": "",
      "fieldConfig": {
        "defaults": {
          "color": {
            "mode": "continuous-blues",
            "seriesBy": "max"
          },
          "custom": {
            "axisCenteredZero": false,
            "axisColorMode": "series",
            "axisLabel": "",
            "axisPlacement": "left",
            "barAlignment": 0,
            "drawStyle": "line",
            "fillOpacity": 25,
            "gradientMode": "opacity",
            "hideFrom": {
              "legend": false,
              "tooltip": false,
              "viz": false
            },
            "lineInterpolation": "linear",
            "lineStyle": {
              "fill": "solid"
            },
            "lineWidth": 1,
            "pointSize": 5,
            "scaleDistribution": {
              "type": "linear"
            },
            "showPoints": "never",
            "spanNulls": false,
            "stacking": {
              "group": "A",
              "mode": "none"
            },
            "thresholdsStyle": {
              "mode": "off"
            }
          },
          "decimals": 3,
          "mappings": [],
          "thresholds": {
            "mode": "absolute",
            "steps": [
              {
                "color": "green",
                "value": null
              },
              {
                "color": "red",
                "value": 80
              }
            ]
          },
          "unit": "rothz"
        },
        "overrides": []
      },
      "gridPos": {
        "h": 8,
        "w": 12,
        "x": 4,
        "y": 30
      },
      "id": 3,
      "options": {
        "legend": {
          "calcs": [
            "lastNotNull",
            "max",
            "min",
            "first"
          ],
          "displayMode": "table",
          "placement": "bottom",
          "showLegend": true
        },
        "tooltip": {
          "mode": "single",
          "sort": "none"
        }
      },
      "pluginVersion": "9.5.2",
      "targets": [
        {
          "cacheDurationSeconds": 10,
          "datasource": {
            "type": "marcusolsson-json-datasource",
            "uid": "b5ac0dea-e102-4916-b2fc-8379604028ac"
          },
          "fields": [
            {
              "jsonPath": "systemInf.listTime",
              "language": "jsonata",
              "name": "tempo",
              "type": "time"
            },
            {
              "jsonPath": "systemInf.listSpeed",
              "language": "jsonata",
              "name": "LoAv",
              "type": "number"
            }
          ],
          "method": "GET",
          "queryParams": "",
          "refId": "A",
          "urlPath": ""
        }
      ],
      "title": "Velocidade da CPU",
      "type": "timeseries"
    },
    {
      "datasource": {
        "type": "marcusolsson-json-datasource",
        "uid": "b5ac0dea-e102-4916-b2fc-8379604028ac"
      },
      "fieldConfig": {
        "defaults": {
          "color": {
            "mode": "continuous-BlYlRd"
          },
          "decimals": 2,
          "mappings": [],
          "max": 100,
          "min": 0,
          "thresholds": {
            "mode": "absolute",
            "steps": [
              {
                "color": "green",
                "value": null
              },
              {
                "color": "red",
                "value": 80
              }
            ]
          },
          "unit": "percent"
        },
        "overrides": []
      },
      "gridPos": {
        "h": 2,
        "w": 8,
        "x": 16,
        "y": 30
      },
      "id": 14,
      "options": {
        "displayMode": "lcd",
        "minVizHeight": 10,
        "minVizWidth": 0,
        "orientation": "horizontal",
        "reduceOptions": {
          "calcs": [
            "lastNotNull"
          ],
          "fields": "",
          "values": false
        },
        "showUnfilled": true,
        "valueMode": "color"
      },
      "pluginVersion": "10.0.3",
      "targets": [
        {
          "cacheDurationSeconds": 300,
          "datasource": {
            "type": "marcusolsson-json-datasource",
            "uid": "b5ac0dea-e102-4916-b2fc-8379604028ac"
          },
          "fields": [
            {
              "jsonPath": "systemInf.proftPerCore[0].load"
            }
          ],
          "method": "GET",
          "queryParams": "",
          "refId": "A",
          "urlPath": ""
        }
      ],
      "title": "core[0]",
      "type": "bargauge"
    },
    {
      "datasource": {
        "type": "marcusolsson-json-datasource",
        "uid": "b5ac0dea-e102-4916-b2fc-8379604028ac"
      },
      "fieldConfig": {
        "defaults": {
          "color": {
            "mode": "continuous-BlYlRd"
          },
          "decimals": 2,
          "mappings": [],
          "max": 100,
          "min": 0,
          "thresholds": {
            "mode": "absolute",
            "steps": [
              {
                "color": "green",
                "value": null
              },
              {
                "color": "red",
                "value": 80
              }
            ]
          },
          "unit": "percent"
        },
        "overrides": []
      },
      "gridPos": {
        "h": 2,
        "w": 8,
        "x": 16,
        "y": 32
      },
      "id": 13,
      "options": {
        "displayMode": "lcd",
        "minVizHeight": 10,
        "minVizWidth": 0,
        "orientation": "horizontal",
        "reduceOptions": {
          "calcs": [
            "max"
          ],
          "fields": "",
          "values": false
        },
        "showUnfilled": true,
        "valueMode": "color"
      },
      "pluginVersion": "10.0.3",
      "targets": [
        {
          "cacheDurationSeconds": 300,
          "datasource": {
            "type": "marcusolsson-json-datasource",
            "uid": "b5ac0dea-e102-4916-b2fc-8379604028ac"
          },
          "fields": [
            {
              "jsonPath": "systemInf.proftPerCore[1].load"
            }
          ],
          "method": "GET",
          "queryParams": "",
          "refId": "A",
          "urlPath": ""
        }
      ],
      "title": "core[1]",
      "type": "bargauge"
    },
    {
      "datasource": {
        "type": "marcusolsson-json-datasource",
        "uid": "b5ac0dea-e102-4916-b2fc-8379604028ac"
      },
      "fieldConfig": {
        "defaults": {
          "color": {
            "mode": "continuous-BlYlRd"
          },
          "decimals": 2,
          "mappings": [],
          "max": 100,
          "min": 0,
          "thresholds": {
            "mode": "absolute",
            "steps": [
              {
                "color": "green",
                "value": null
              },
              {
                "color": "red",
                "value": 80
              }
            ]
          },
          "unit": "percent"
        },
        "overrides": []
      },
      "gridPos": {
        "h": 2,
        "w": 8,
        "x": 16,
        "y": 34
      },
      "id": 15,
      "options": {
        "displayMode": "lcd",
        "minVizHeight": 10,
        "minVizWidth": 0,
        "orientation": "horizontal",
        "reduceOptions": {
          "calcs": [
            "max"
          ],
          "fields": "",
          "values": false
        },
        "showUnfilled": true,
        "valueMode": "color"
      },
      "pluginVersion": "10.0.3",
      "targets": [
        {
          "cacheDurationSeconds": 300,
          "datasource": {
            "type": "marcusolsson-json-datasource",
            "uid": "b5ac0dea-e102-4916-b2fc-8379604028ac"
          },
          "fields": [
            {
              "jsonPath": "systemInf.proftPerCore[2].load"
            }
          ],
          "method": "GET",
          "queryParams": "",
          "refId": "A",
          "urlPath": ""
        }
      ],
      "title": "core[2]",
      "type": "bargauge"
    },
    {
      "datasource": {
        "type": "marcusolsson-json-datasource",
        "uid": "b5ac0dea-e102-4916-b2fc-8379604028ac"
      },
      "fieldConfig": {
        "defaults": {
          "color": {
            "mode": "continuous-BlYlRd"
          },
          "decimals": 2,
          "mappings": [],
          "max": 100,
          "min": 0,
          "thresholds": {
            "mode": "absolute",
            "steps": [
              {
                "color": "green",
                "value": null
              },
              {
                "color": "red",
                "value": 80
              }
            ]
          },
          "unit": "percent"
        },
        "overrides": []
      },
      "gridPos": {
        "h": 2,
        "w": 8,
        "x": 16,
        "y": 36
      },
      "id": 16,
      "options": {
        "displayMode": "lcd",
        "minVizHeight": 10,
        "minVizWidth": 0,
        "orientation": "horizontal",
        "reduceOptions": {
          "calcs": [
            "max"
          ],
          "fields": "",
          "values": false
        },
        "showUnfilled": true,
        "valueMode": "color"
      },
      "pluginVersion": "10.0.3",
      "targets": [
        {
          "cacheDurationSeconds": 300,
          "datasource": {
            "type": "marcusolsson-json-datasource",
            "uid": "b5ac0dea-e102-4916-b2fc-8379604028ac"
          },
          "fields": [
            {
              "jsonPath": "systemInf.proftPerCore[3].load"
            }
          ],
          "method": "GET",
          "queryParams": "",
          "refId": "A",
          "urlPath": ""
        }
      ],
      "title": "core[3]",
      "type": "bargauge"
    },
    {
      "collapsed": false,
      "gridPos": {
        "h": 1,
        "w": 24,
        "x": 0,
        "y": 38
      },
      "id": 4,
      "panels": [],
      "title": "services",
      "type": "row"
    },
    {
      "datasource": {
        "type": "marcusolsson-json-datasource",
        "uid": "b5ac0dea-e102-4916-b2fc-8379604028ac"
      },
      "fieldConfig": {
        "defaults": {
          "color": {
            "mode": "continuous-BlYlRd"
          },
          "mappings": [],
          "thresholds": {
            "mode": "absolute",
            "steps": [
              {
                "color": "green",
                "value": null
              },
              {
                "color": "red",
                "value": 80
              }
            ]
          },
          "unit": "short"
        },
        "overrides": []
      },
      "gridPos": {
        "h": 2,
        "w": 3,
        "x": 0,
        "y": 39
      },
      "id": 20,
      "options": {
        "colorMode": "value",
        "graphMode": "area",
        "justifyMode": "auto",
        "orientation": "auto",
        "reduceOptions": {
          "calcs": [
            "lastNotNull"
          ],
          "fields": "",
          "values": false
        },
        "textMode": "auto"
      },
      "pluginVersion": "10.0.3",
      "targets": [
        {
          "cacheDurationSeconds": 300,
          "datasource": {
            "type": "marcusolsson-json-datasource",
            "uid": "b5ac0dea-e102-4916-b2fc-8379604028ac"
          },
          "fields": [
            {
              "jsonPath": "systemInf.allNunber"
            }
          ],
          "method": "GET",
          "queryParams": "",
          "refId": "A",
          "urlPath": ""
        }
      ],
      "title": "Task number",
      "transparent": true,
      "type": "stat"
    },
    {
      "datasource": {
        "type": "marcusolsson-json-datasource",
        "uid": "b5ac0dea-e102-4916-b2fc-8379604028ac"
      },
      "description": "",
      "fieldConfig": {
        "defaults": {
          "color": {
            "mode": "continuous-greens",
            "seriesBy": "max"
          },
          "custom": {
            "axisCenteredZero": false,
            "axisColorMode": "series",
            "axisLabel": "",
            "axisPlacement": "left",
            "barAlignment": 0,
            "drawStyle": "line",
            "fillOpacity": 25,
            "gradientMode": "opacity",
            "hideFrom": {
              "legend": false,
              "tooltip": false,
              "viz": false
            },
            "lineInterpolation": "linear",
            "lineStyle": {
              "fill": "solid"
            },
            "lineWidth": 1,
            "pointSize": 5,
            "scaleDistribution": {
              "type": "linear"
            },
            "showPoints": "never",
            "spanNulls": false,
            "stacking": {
              "group": "A",
              "mode": "none"
            },
            "thresholdsStyle": {
              "mode": "off"
            }
          },
          "decimals": 3,
          "mappings": [],
          "thresholds": {
            "mode": "absolute",
            "steps": [
              {
                "color": "green",
                "value": null
              },
              {
                "color": "red",
                "value": 80
              }
            ]
          },
          "unit": "none"
        },
        "overrides": []
      },
      "gridPos": {
        "h": 9,
        "w": 24,
        "x": 0,
        "y": 41
      },
      "id": 23,
      "options": {
        "legend": {
          "calcs": [
            "lastNotNull",
            "max",
            "min",
            "first"
          ],
          "displayMode": "table",
          "placement": "bottom",
          "showLegend": true
        },
        "tooltip": {
          "mode": "single",
          "sort": "none"
        }
      },
      "pluginVersion": "9.5.2",
      "targets": [
        {
          "cacheDurationSeconds": 10,
          "datasource": {
            "type": "marcusolsson-json-datasource",
            "uid": "b5ac0dea-e102-4916-b2fc-8379604028ac"
          },
          "fields": [
            {
              "jsonPath": "systemInf.listTime",
              "language": "jsonata",
              "name": "tempo",
              "type": "time"
            },
            {
              "jsonPath": "systemInf.listLoad",
              "language": "jsonata",
              "name": "LoAv",
              "type": "number"
            }
          ],
          "method": "GET",
          "queryParams": "",
          "refId": "A",
          "urlPath": ""
        }
      ],
      "title": "Load Average",
      "type": "timeseries"
    },
    {
      "datasource": {
        "type": "marcusolsson-json-datasource",
        "uid": "b5ac0dea-e102-4916-b2fc-8379604028ac"
      },
      "fieldConfig": {
        "defaults": {
          "color": {
            "mode": "continuous-GrYlRd"
          },
          "custom": {
            "align": "center",
            "cellOptions": {
              "type": "color-text"
            },
            "inspect": false
          },
          "mappings": [],
          "thresholds": {
            "mode": "absolute",
            "steps": [
              {
                "color": "green",
                "value": null
              },
              {
                "color": "red",
                "value": 80
              }
            ]
          }
        },
        "overrides": []
      },
      "gridPos": {
        "h": 21,
        "w": 24,
        "x": 0,
        "y": 50
      },
      "id": 2,
      "options": {
        "cellHeight": "sm",
        "footer": {
          "countRows": false,
          "fields": "",
          "reducer": [
            "sum"
          ],
          "show": false
        },
        "showHeader": true
      },
      "pluginVersion": "10.0.3",
      "targets": [
        {
          "cacheDurationSeconds": 10,
          "datasource": {
            "type": "marcusolsson-json-datasource",
            "uid": "b5ac0dea-e102-4916-b2fc-8379604028ac"
          },
          "fields": [
            {
              "jsonPath": "systemInf.listProcesses[*].name",
              "language": "jsonata",
              "name": "nome"
            },
            {
              "jsonPath": "systemInf.listProcesses[*].cpu",
              "language": "jsonata",
              "name": "cpu"
            },
            {
              "jsonPath": "systemInf.listProcesses[*].mem",
              "language": "jsonata",
              "name": "memória"
            },
            {
              "jsonPath": "systemInf.listProcesses[*].started",
              "language": "jsonata",
              "name": "data"
            },
            {
              "jsonPath": "systemInf.listProcesses[*].path",
              "language": "jsonata",
              "name": "diretório"
            }
          ],
          "method": "GET",
          "queryParams": "",
          "refId": "A",
          "urlPath": ""
        }
      ],
      "title": "Panel Title",
      "type": "table"
    }
  ],
  "refresh": "5s",
  "schemaVersion": 38,
  "style": "dark",
  "tags": [],
  "templating": {
    "list": [
      {
        "current": {
          "isNone": true,
          "selected": false,
          "text": "None",
          "value": ""
        },
        "datasource": {
          "type": "marcusolsson-json-datasource",
          "uid": "b5ac0dea-e102-4916-b2fc-8379604028ac"
        },
        "definition": "systemInfo.velocidadeMemoriaRAM",
        "hide": 1,
        "includeAll": false,
        "multi": false,
        "name": "maximoRam",
        "options": [],
        "query": {
          "cacheDurationSeconds": 300,
          "fields": [
            {
              "jsonPath": "systemInfo.velocidadeMemoriaRAM",
              "type": "number"
            }
          ],
          "method": "GET",
          "queryParams": "",
          "urlPath": ""
        },
        "refresh": 1,
        "regex": "",
        "skipUrlSync": false,
        "sort": 0,
        "type": "query"
      }
    ]
  },
  "time": {
    "from": "now-5m",
    "to": "now"
  },
  "timepicker": {},
  "timezone": "",
  "title": "systemInfoDash",
  "uid": "b1725958-d74e-4fed-96c9-ee91cba29380",
  "version": 2,
  "weekStart": ""
}